{"cameraMode":{"drawMode":0,"name":"Shaded","section":"Shading Mode"},"sceneLighting":false,"audioPlay":false,"sceneViewState":{"m_AlwaysRefresh":false,"showFog":true,"showSkybox":false,"showFlares":true,"showImageEffects":true,"showParticleSystems":true,"showVisualEffectGraphs":true,"m_FxEnabled":true},"in2DMode":false,"pivot":{"x":0.13160105049610139,"y":0.22827491164207459,"z":0.0016881823539733887},"rotation":{"x":0.03964393958449364,"y":-0.8536401391029358,"z":0.06568877398967743,"w":0.5151824951171875},"size":0.7305288910865784,"orthographic":false}