{"cameraMode":{"drawMode":0,"name":"Shaded","section":"Shading Mode"},"sceneLighting":false,"audioPlay":false,"sceneViewState":{"m_AlwaysRefresh":false,"showFog":true,"showSkybox":false,"showFlares":true,"showImageEffects":true,"showParticleSystems":true,"showVisualEffectGraphs":true,"m_FxEnabled":true},"in2DMode":false,"pivot":{"x":-1.4901161193847657e-7,"y":-0.15048009157180787,"z":-7.450580596923828e-9},"rotation":{"x":-0.0359889417886734,"y":0.013186906464397908,"z":-0.0004742969467770308,"w":-0.9992682933807373},"size":0.23411831259727479,"orthographic":false}