{"cameraMode":{"drawMode":0,"name":"Shaded","section":"Shading Mode"},"sceneLighting":true,"audioPlay":false,"sceneViewState":{"m_AlwaysRefresh":false,"showFog":true,"showSkybox":true,"showFlares":true,"showImageEffects":true,"showParticleSystems":true,"showVisualEffectGraphs":true,"m_FxEnabled":true},"in2DMode":false,"pivot":{"x":-5.169264793395996,"y":7.793471336364746,"z":0.23721355199813844},"rotation":{"x":-0.019198881462216378,"y":0.001195756602101028,"z":-0.000023012216843198985,"w":-0.9998151063919067},"size":15.904420852661133,"orthographic":false}