{"cameraMode":{"drawMode":0,"name":"Shaded","section":"Shading Mode"},"sceneLighting":false,"audioPlay":false,"sceneViewState":{"m_AlwaysRefresh":false,"showFog":true,"showSkybox":false,"showFlares":true,"showImageEffects":true,"showParticleSystems":true,"showVisualEffectGraphs":true,"m_FxEnabled":true},"in2DMode":false,"pivot":{"x":-2.054483413696289,"y":2.25774884223938,"z":-0.9991365671157837},"rotation":{"x":0.45120736956596377,"y":0.05829230323433876,"z":-0.029552383348345758,"w":0.8900253772735596},"size":2.5871787071228029,"orthographic":false}