{"cameraMode":{"drawMode":0,"name":"Shaded","section":"Shading Mode"},"sceneLighting":false,"audioPlay":false,"sceneViewState":{"m_AlwaysRefresh":false,"showFog":true,"showSkybox":false,"showFlares":true,"showImageEffects":true,"showParticleSystems":true,"showVisualEffectGraphs":true,"m_FxEnabled":true},"in2DMode":false,"pivot":{"x":-0.003135666251182556,"y":4.673550605773926,"z":-0.00914621353149414},"rotation":{"x":0.22256307303905488,"y":0.6672376394271851,"z":-0.21962516009807588,"w":0.6760940551757813},"size":0.5700027346611023,"orthographic":false}